Name	TotPopUniv	TotPopHHldsUniv	TotHHUniv	TotHH	TotAgeUniv	TotOccHHUniv	TotFamUniv	PopPerSqMile	SqMileLand	SqMileTotal	avgHHsize	TotPop	wht	blk	asn	hisp	oth	Ageless25	Age25_39	Age40_64	Age65up	NumOwnOcc	NumRentOcc	MarCplKid	MarCplNoKid	MHHNoWifeKid	MHHNoWifeNoKid	FHHNoHusbKid	FHHNoHusbNoKid	HH3UpGen	HHLiveAlone	SameSexHshlds	TotHHSF2Univ
Acton	7596	7596	2814	2814	7596	2660	2081	193.49767258	39.25628613	39.279613651	2.8556390977	7596	5782	54	153	1373	234	2332	839	3592	833	2386	274	669	1102	39	77	83	111	157	436	30	2660
Adams-Normandie	17147	16990	5296	5296	17147	4950	3486	21325.735473	0.8040519879	0.8040519879	3.4323232323	17147	612	3281	603	12245	406	6798	3950	4975	1424	1054	3896	1025	744	243	253	616	605		1045		
Agoura Hills	20330	20242	7585	7585	20330	7327	5593	2608.6873998	7.7931913198	7.8223736944	2.7626586598	20330	15971	256	1525	1936	642	6486	2979	8575	2290	5715	1612	2108	2457	162	140	401	325	228	1346	36	7327
Agua Dulce	3372	3344	1292	1292	3372	1215	932	111.36269256	30.279440291	30.290128757	2.7522633745	3372	2542	51	73	614	92	962	348	1597	465	1066	149	267	535	15	43	29	43		206		
Alhambra	83089	82475	30915	30915	83089	29217	20594	10889.006563	7.6305399871	7.6316778302	2.8228428655	83089	8346	1078	43668	28582	1415	23583	18821	28773	11912	11916	17301	5741	7938	613	1484	1725	3093	2321	6479	183	29217
Alondra Park	8592	8527	2818	2818	8592	2719	2048	7764.5011963	1.1065746251	1.142798345	3.136079441	8592	1869	787	1394	4304	238	3150	1930	2742	770	1362	1357	730	653	100	123	226	216	215	513	17	2719
Altadena	42777	42276	15947	15947	42777	15212	10708	4909.6919327	8.7127666229	8.7292412166	2.779121746	42777	17231	9816	2296	11502	1932	12793	7339	16581	6064	10889	4323	3255	4429	301	513	827	1383	1028	3489	271	15212
Angeles Crest	746	620	343	343	746	242	161	1.7517454699	425.86095573	427.45971835	2.5619834711	746	523	60	21	118	24	188	149	322	87	179	63	49	88	6	4	8	6		60		
Arcadia	56364	55502	20686	20686	56364	19592	15005	5159.0934061	10.925175329	11.133664712	2.8328909759	56364	14467	628	33239	6799	1231	16392	9022	21736	9214	12371	7221	5522	6181	299	566	984	1453	1416	3855	92	19592
Arleta	34221	34135	8006	8006	34221	7671	6651	11099.448152	3.0831262539	3.1260129391	4.449876157	34221	2661	352	3427	27377	404	13368	7617	10232	3004	5844	1827	2456	2197	289	438	497	774		748		
Arlington Heights	21481	21185	7375	7375	21481	6888	4788	20827.262181	1.0313885624	1.0313885624	3.0756387921	21481	905	3767	3580	12798	431	7710	5148	6701	1922	1251	5637	1351	1211	271	416	755	784		1577		
Artesia	16522	15909	4697	4697	16522	4535	3677	10194.711535	1.6206441883	1.6206441883	3.5080485116	16522	3518	543	6129	5910	422	5399	3288	5587	2248	2523	2012	1220	1453	104	230	263	407	589	661	30	4535
Athens	8729	8674	2691	2691	8729	2525	2029	6531.492967	1.3364478909	1.3364478909	3.4352475248	8729	116	4492	110	3843	168	3564	1691	2578	896	1328	1197	506	522	110	117	388	386	338	378	10	2525
Atwater Village	14097	14047	5690	5690	14097	5380	3202	8250.2295436	1.7086797313	1.7839213927	2.6109665428	14097	3768	202	3008	6796	323	3785	3618	4759	1935	2228	3152	899	1240	106	197	265	495		1561		
Avalon	3728	3721	2266	2266	3728	1473	891	1270.1370633	2.9351163017	2.9372317555	2.5261371351	3728	1532	10	54	2079	53	1276	702	1344	406	383	1090	290	351	55	35	103	57	69	461	5	1473
Avocado Heights	15411	15332	3922	3922	15411	3813	3304	5695.6229867	2.7057619572	2.841376099	4.020980855	15411	1199	100	1332	12648	132	5886	3187	4665	1673	2934	879	1162	1189	112	219	220	402	648	368	23	3813
Azusa	46361	43559	13386	13386	46361	12716	9599	4801.0868708	9.9086254454	9.9211606386	3.4255268953	46361	8955	1293	3963	31328	822	20131	9982	12672	3576	6802	5914	3379	2931	443	571	1178	1097	1430	2238	104	12716
Baldwin Hills/Crenshaw	30372	30283	14112	14112	30372	13034	7285	10637.907795	2.8550726876	2.882036133	2.3233849931	30372	1227	19158	1221	7787	979	9887	5982	9990	4513	4031	9003	1395	1783	372	484	1650	1601		4957		
Baldwin Park	75390	74984	17736	17736	75390	17189	15155	11369.156707	6.6310986769	6.7856248755	4.3623247426	75390	3232	662	10561	60403	532	31420	16391	21520	6059	10353	6836	5536	4561	720	980	1587	1771	3395	1474	103	17189
Bel-Air	8033	7940	3371	3371	8033	3114	2192	1271.6991719	6.316745483	6.3426664525	2.5497752087	8033	6476	141	678	410	328	2096	998	3189	1750	2594	520	746	1184	46	45	66	105		683		
Bell	35477	34898	9217	9217	35477	8870	7557	14187.955822	2.5005011606	2.6190978491	3.9343855693	35477	1728	214	231	33028	276	15487	8269	9325	2396	2570	6300	2930	1729	530	489	1097	782	1275	967	31	8870
Bell Gardens	42072	41648	9986	9986	42072	9655	8572	17112.447734	2.458561198	2.4630106394	4.3136198861	42072	1133	201	254	40271	213	19542	9860	10469	2201	2318	7337	3485	1813	614	514	1285	861	1573	750	49	9655
Bellflower	76616	75877	24897	24897	76616	23651	17769	12524.989326	6.1170511215	6.1704023339	3.2081941567	76616	14971	10374	9287	40085	1899	30242	16981	22776	6617	9459	14192	6009	4983	953	1012	2602	2210	2279	4618	170	23651
Beverly Crest	11068	11068	4867	4867	11068	4478	3029	1454.8855666	8.1185144487	8.2861206307	3.0687523277	11068	9275	169	648	533	443	2778	1472	4520	2298	4001	477	1010	1598	75	69	119	158		1041		
Beverly Grove	20925	20363	12955	12955	20925	11839	3529	12592.806796	1.6616629112	1.6616629112	1.7199932427	20925	16539	583	1511	1580	712	3214	7964	6387	3360	3169	8670	867	1741	72	208	211	430		6111		
Beverly Hills	34109	33988	16394	16394	34109	14869	8461	5975.5025018	5.7081391883	5.7104175772	2.2858295783	34109	26794	725	3019	1941	1630	9149	6207	12237	6516	6561	8308	2744	3869	190	304	671	683	233	5400	131	14869
Beverlywood	6548	6498	2416	2416	6548	2333	1695	8229.0502465	0.7957175863	0.7957175863	2.7852550364	6548	5550	127	305	374	192	2223	976	2397	952	1939	394	800	680	25	41	58	91		508		
Boyle Heights	91186	89392	24452	24452	91186	23103	18497	14277.257931	6.3868006338	6.4942239115	3.8692810458	91186	1598	816	2486	85781	505	39622	20431	22997	8136	5698	17405	6185	4218	1200	1309	3024	2561		3476		
Bradbury	1292	1246	592	592	1292	516	306	9164.8987311	1.9857709765	1.9870204032	2.0913370998	1292	753	21	270	221	27	257	134	449	452	324	192	74	189	5	10	3	25	25	187	2	354
Brentwood	32544	31840	16783	16783	32544	15391	7527	2159.3614666	15.071121951	15.071651297	2.0687414723	32544	26312	456	2744	1797	1235	7649	8121	10806	5968	8205	7186	2312	3905	167	227	385	531		5840		
Broadway-Manchester	26768	26644	7178	7178	26768	6551	5340	17187.638763	1.5573983354	1.5573983354	4.0671653183	26768	215	8388	65	17800	300	12768	5940	6609	1451	2259	4292	1592	870	385	370	1285	838		969		
Burbank	103340	102767	44309	44309	103340	41940	25422	5959.2670581	17.341058723	17.37878245	2.4503338102	103340	60265	2443	11829	25310	3493	29481	24149	35916	13794	18465	23475	8375	10013	826	1224	2185	2799	1799	12823	396	41940
Calabasas	25033	25024	9461	9461	25033	9113	6920	2145.4904273	18.414369487	18.463593268	3.081455321	25033	19889	399	2193	1602	950	8486	3447	10043	3057	6832	2281	2827	2777	162	172	545	437	225	1645	31	8543
Canoga Park	57010	56546	19788	19788	57010	18297	12482	13236.455513	4.3070442797	4.3291995947	3.0904519867	57010	13136	2805	6833	32860	1376	21597	15172	15907	4334	5556	12741	4529	3310	716	909	1677	1341		4242		
Carson	91714	90411	26226	26226	91714	25432	20726	4898.1646367	18.891581737	19.135364334	3.5550094369	91714	7022	21385	25396	35417	2494	31956	16701	30417	12640	19529	5903	6226	7952	614	1147	1596	3191	3922	3776	152	25432
Carthay	4652	4635	2216	2216	4652	2034	1039	9241.7835964	0.5033660388	0.5033660388	2.2787610619	4652	3135	343	321	692	161	1146	1350	1603	553	883	1151	361	412	36	37	92	101		656		
Castaic	17780	17711	5516	5516	17780	5350	4535	3163.6162074	5.6201507497	5.6213202532	3.3104672897	17780	10057	566	2079	4419	659	7034	3130	6601	1015	4507	843	2232	1461	167	129	300	246		582		
Castaic Canyons	33460	25954	8443	8443	33460	7907	6614	172.76422421	193.67435679	195.01641205	3.2824079929	33460	15418	3234	3868	9847	1093	13089	8403	10594	1374	6917	990	3645	1928	206	165	388	282		916		
Central-Alameda	43590	43514	9816	9816	43590	9295	8004	19913.001232	2.1890221113	2.1890221113	4.6814416353	43590	290	3966	359	38711	264	21180	10274	10175	1961	2652	6643	3171	1427	567	512	1440	887		960		
Century City	5752	5722	3660	3660	5752	3216	1399	8341.7105242	0.6895468242	0.6895468242	1.7792288557	5752	4560	114	602	296	180	869	1280	1860	1743	2033	1183	312	844	21	47	68	107		1516		
Cerritos	49587	49477	16003	16003	49587	15661	13470	24081.010461	8.7546432648	8.885607192	3.5759693417	49587	8187	3325	30420	6189	1466	14284	7934	18646	8723	12795	2866	4266	6652	158	488	570	1336	1557	1812	64	15526
Charter Oak	9310	9178	3144	3144	9310	3044	2265	10034.639966	0.9277861519	0.9277861519	3.0151116951	9310	3169	369	989	4546	237	3342	1875	3172	921	1998	1046	715	771	102	124	247	306	274	601	19	3044
Chatsworth	41237	40436	15907	15907	41237	15142	10727	3830.3495536	15.197154968	15.215788645	2.5523643404	41237	21845	1656	7926	8375	1435	11573	7621	15634	6409	10752	4390	3325	4895	294	459	701	1053		3403		
Chatsworth Reservoir	30	30	16	16	30	15	8	33.693822771	0.8903709206	1.7999770655	2	30	25	0	1	2	2	10	3	13	4	11	4	2	1	1	1	1	2		5		
Chesterfield Square	6388	6349	2268	2268	6388	2124	1514	10030.046986	0.6368863485	0.6368863485	2.9891713748	6388	52	3760	24	2417	135	2418	1206	1969	795	1112	1012	289	368	69	88	334	366		537		
Cheviot Hills	7308	7165	3093	3093	7308	2945	1928	4752.1009409	1.5378461213	1.5390175553	2.4329371817	7308	5580	185	644	627	272	2036	1111	2736	1425	2072	873	781	875	43	44	85	100		808		
Chinatown	9677	9626	3820	3820	9677	3617	2268	11963.92674	0.8088481491	0.8088481491	2.6613215372	9677	321	223	6578	2460	95	2910	1727	2951	2089	279	3338	589	916	54	139	266	304		1082		
Citrus	10866	10841	2701	2701	10866	2615	2195	12251.782342	0.8868913678	0.8883975524	4.1456978967	10866	1748	198	841	7911	168	4405	2469	3141	851	1854	761	810	714	77	152	193	249	462	278	24	2615
Claremont	36392	31035	12625	12625	36392	12056	8279	3105.5197468	16.346248322	16.494362136	2.6597997379	36392	21465	1709	4632	7191	1395	13810	4974	11610	5998	8089	3967	2679	3933	180	234	544	709	504	3027	138	11608
Commerce	12823	12753	3470	3470	12823	3382	2709	1961.695939	6.5366909036	6.5377650398	3.7708456535	12823	402	66	141	12114	100	5282	2705	3466	1370	1619	1763	997	696	131	177	308	400	525	559	23	3382
Compton	97623	96868	24919	24919	97623	23439	19557	20188.709318	10.122900183	10.227288312	3.623913349	97623	791	31940	914	62861	1117	44232	20539	25450	7402	13026	10413	6463	4211	1075	1310	3108	3390	4013	3043	158	23062
Covina	52467	52017	17969	17969	52467	17214	12932	12127.92243	7.9029010945	7.9181741383	3.2065909808	52467	15848	1913	5989	27504	1213	18569	10521	17195	6182	10446	6768	4057	4708	529	655	1398	1585	1342	3338	94	15855
Cudahy	23805	23797	5770	5770	23805	5607	4989	20259.274231	1.1750174132	1.2259539426	4.2441590869	23805	505	193	118	22850	139	11183	5509	5891	1222	1011	4596	2009	932	368	318	831	531	891	399	42	5607
Culver City	38883	38572	17491	17491	38883	16779	9344	7607.2489307	5.1113090099	5.1391898341	2.2988259133	38883	18649	3587	5726	9025	1896	10023	9056	13998	5806	9111	7668	3033	3793	281	355	835	1047	512	5649	157	16779
Cypress Park	9381	9359	2673	2673	9381	2518	2006	14167.794955	0.6621355002	0.6621355002	3.7168387609	9381	301	53	566	8402	59	3687	2186	2605	903	966	1552	686	571	105	140	242	262		372		
Del Aire	10001	9989	3428	3428	10001	3291	2375	9864.3608306	1.0138518016	1.0138518016	3.0352476451	10001	3458	431	1029	4724	359	3284	2332	3324	1061	2268	1023	838	926	79	112	141	279	279	674	26	3291
Del Rey	28586	28496	12646	12646	28586	11869	6389	11893.664741	2.4034644176	2.4537503649	2.4008762322	28586	10791	1246	3778	11798	973	7994	7806	9019	3767	5265	6604	1742	2654	215	356	662	760		3965		
Desert View Highlands	2360	2353	764	764	2360	678	534	5363.9504075	0.4399742393	0.4399742393	3.4705014749	2360	787	175	49	1253	96	1017	423	715	205	443	235	191	151	29	28	72	63	77	109	5	678
Diamond Bar	56071	55942	18603	18603	56071	18023	14979	6707.5354956	15.056725745	15.062148937	3.392293808	56071	11851	2194	29443	11155	1428	17670	9538	22336	6527	14648	3375	5266	6636	276	614	811	1376	1597	2313	71	17880
Downey	111772	111089	35601	35601	111772	33936	26490	9007.9721715	12.408120038	12.568072516	3.2734853843	111772	19786	3834	7654	78996	1502	42080	24955	33158	11579	17135	16801	9022	8383	1326	1470	3235	3054	3545	5721	225	33936
Downtown	42499	33443	26467	26467	42499	22566	4514	7295.5522563	5.8253300787	5.8327822368	1.4820083311	42499	10905	8987	10066	11001	1540	7298	14645	15197	5359	2633	19933	701	2509	141	314	371	478		15000		
Duarte	21321	20914	7254	7254	21321	7013	4964	3186.8350835	6.6903367892	6.6903367892	2.9821759589	21321	5729	1486	3311	10190	605	6600	4094	7249	3378	4703	2310	1544	2053	145	218	336	668	669	1666	66	7013
Eagle Rock	32214	30403	11731	11731	32214	11166	7272	7542.9191823	4.2707603278	4.2825414635	2.7228192728	32214	10074	618	8562	11913	1047	9984	6686	10992	4552	6035	5131	2102	2981	221	401	574	993		2798		
East Compton	15038	14849	3165	3165	15038	2975	2647	18074.175474	0.832015824	0.832015824	4.9912605042	15038	174	2290	124	12340	110	7243	3341	3659	795	1617	1358	990	623	133	167	420	314		227		
East Hollywood	68197	65268	24930	24930	68197	23403	14361	28467.65891	2.3955956553	2.3955956553	2.7888732214	68197	13519	1846	12208	39265	1359	22194	17371	21436	7196	1919	21484	4049	4289	779	1197	1962	2085		6468		
East Los Angeles	126496	126176	32201	32201	126496	30816	25839	16983.221494	7.4482924245	7.4525445678	4.0944963655	126496	1917	322	975	122784	498	54997	28834	31801	10864	10986	19830	9263	6234	1467	1771	3527	3577	4890	3781	199	30816
East Pasadena	6144	6119	2184	2184	6144	2096	1514	4663.1482855	1.3175647918	1.3226767846	2.919370229	6144	2082	153	1577	2139	193	1813	1216	2158	957	1435	661	475	683	39	76	86	155	160	441	14	2096
East San Gabriel	14874	14868	5365	5365	14874	5134	3834	9526.5758077	1.5613165003	1.5749273742	2.8959875341	14874	3251	216	7375	3700	332	4409	2968	5475	2022	2939	2195	1345	1526	99	214	269	381	387	1064	32	5134
East Whittier	9757	9742	3391	3391	9757	3295	2506	8947.4458574	1.0904787976	1.0904787976	2.9566009105	9757	4046	160	455	4907	189	3473	1927	3098	1259	2125	1170	816	1010	90	111	225	254	240	619	21	3295
Echo Park	35677	35178	13836	13836	35677	12876	7103	15043.24579	2.371629135	2.39433619	2.7320596459	35677	7739	735	5670	20759	774	11108	10556	10861	3152	3169	9707	2062	2213	338	566	939	985		3572		
El Monte	113475	112395	29069	29069	113475	27814	23347	11866.887193	9.5623222965	9.6479358206	4.0409506004	113475	5556	502	28348	78317	752	45048	25324	32506	10597	11740	16074	8172	6915	1201	1761	2582	2716	4271	3130	161	27814
El Segundo	16654	16578	7410	7410	16654	7085	4105	3048.7347024	5.4625940352	5.4641724209	2.3398729711	16654	11515	321	1457	2609	752	4839	3702	6435	1678	3034	4051	1496	1554	171	155	412	317	157	2254	39	7085
El Sereno	40502	39710	11912	11912	40502	11262	8874	9790.2705124	4.1369643411	4.1480400681	3.5260166933	40502	1850	743	4554	32992	363	15826	9106	11346	4224	5496	5766	2661	2644	461	632	1109	1367		1681		
Elizabeth Lake	1756	1756	745	745	1756	674	489	268.73644043	6.5342831704	6.8323038562	2.6053412463	1756	1426	21	24	231	54	558	255	795	148	561	113	161	238	13	23	27	27		151		
Elysian Park	2295	2267	804	804	2295	742	512	1419.4473728	1.61682641	1.6457972006	3.0552560647	2295	212	33	1380	636	34	674	485	795	341	198	544	156	187	20	41	35	73		166		
Elysian Valley	6897	6891	2084	2084	6897	1968	1508	9576.6880555	0.7201863484	0.7780487786	3.5015243902	6897	408	53	1896	4438	102	2357	1551	2187	802	967	1001	442	533	63	120	141	209		310		
Encino	43397	43270	19546	19546	43397	18460	11583	4529.3242746	9.5813409174	9.7966314902	2.3439869989	43397	33316	1261	2519	4400	1901	10541	8667	15552	8637	11514	6946	3628	5569	248	497	644	997		5446		
Exposition Park	34262	34039	10381	10381	34262	9716	6871	18621.136382	1.8399521542	1.8399521542	3.5033964594	34262	1226	8954	1187	22124	771	14768	7600	9492	2402	2656	7060	2005	1375	391	441	1430	1229		1984		
Fairfax	12553	12177	6339	6339	12553	5962	2090	11916.959351	1.2305396782	1.2305396782	2.0424354244	12553	10297	331	628	926	371	3049	4467	3482	1555	1671	4291	731	945	40	95	118	161		2569		
Florence	49001	48876	12571	12571	49001	11504	9640	17537.801441	2.7940218256	2.7940218256	4.2486091794	49001	285	9918	78	38298	422	23566	11316	11658	2461	3792	7712	3363	1606	680	608	1998	1385		1428		
Florence-Firestone	63387	63317	14765	14765	63387	13900	12182	17704.233463	3.5803301019	3.5803301019	4.5551798561	63387	422	5517	100	57066	282	30188	14632	15146	3421	5101	8799	4632	2426	862	803	1991	1468	2542	1178	84	13900
Gardena	58829	58035	21472	21472	58829	20558	14199	10092.199993	5.829155193	5.8653051674	2.8229886176	58829	5484	14034	15531	22151	1629	18763	12447	19295	8324	9852	10706	3872	4910	555	931	1603	2328	1647	5142	104	20558
Glassell Park	22182	22128	7309	7309	22182	6898	4951	7973.9555557	2.781806325	2.8253829747	3.2078863439	22182	3192	324	4338	13917	411	7620	5251	7034	2277	2959	3939	1618	1681	221	306	514	611		1294		
Glendale	191719	190290	76269	76269	191719	72269	50087	6295.4768011	30.453451908	30.583835137	2.6330791902	191719	117929	2325	31178	33414	6873	52341	40416	69044	29918	27535	44734	16027	21459	971	2722	3054	5854	3790	18021	605	72269
Glendora	50514	49745	17937	17937	50514	17291	13127	4623.2516364	19.609181201	19.774021733	2.8949724831	50514	28869	837	3986	15419	1403	16798	8252	18293	7171	12525	4766	4367	5576	369	523	1007	1285	1067	3286	118	17141
Gramercy Park	10361	10270	3941	3941	10361	3727	2554	9050.1908418	1.1448377367	1.1448377367	2.7555674805	10361	83	8043	52	1961	222	3441	1699	3453	1768	2391	1336	426	734	77	168	448	701		1042		
Granada Hills	53508	52924	18392	18392	53508	17745	13478	3625.5274004	14.758680349	15.101711668	2.9824739363	53508	25135	1846	9398	15341	1788	16844	9579	19422	7663	12490	5255	4466	5621	375	643	911	1462		3168		
Green Meadows	32771	32421	8469	8469	32771	7880	6441	14784.31167	2.216606409	2.2256218948	4.1143401015	32771	168	10469	110	21677	347	15348	7012	8355	2056	3541	4339	2004	1096	390	434	1412	1105		1125		
Green Valley	1020	1020	512	512	1020	440	282	392.90766404	2.5960297886	2.5960297886	2.3181818182	1020	830	8	13	119	50	264	130	494	132	358	82	68	144	20	19	18	13		128		
Griffith Park	11	10	5	5	11	5	4	1.9131592254	5.7496521219	5.8464726477	2	11	6	0	0	5	0	3	1	6	1	3	2	0	1	1	1	1	0		1		
Hacienda Heights	54038	53928	16650	16650	54038	16193	13506	4835.4842141	11.175302743	11.182418992	3.3303279195	54038	8035	644	19941	24608	810	17048	9908	18760	8322	12720	3473	4024	6127	313	711	727	1604	1947	2111	93	16193
Hancock Park	10442	10434	4989	4989	10442	4655	2293	6819.4426307	1.5312101832	1.5312101832	2.2414607948	10442	7741	360	1334	676	331	2781	2600	3671	1390	2218	2437	845	1065	42	67	118	156		1766		
Hansen Dam	73	73	24	24	73	23	17	40.547470377	1.8003589206	2.0100737918	3.1739130435	73	38	0	13	19	3	24	10	32	7	20	3	7	9	1	0	0	0		4		
Harbor City	24287	24165	8634	8634	24287	8258	5994	9641.7368874	2.5189444893	2.5950784328	2.9262533301	24287	4842	2552	4446	11785	662	8771	5546	7547	2423	3968	4290	1895	1944	267	330	814	744		1783		
Harbor Gateway	40264	40103	12428	12428	40264	11759	9034	8023.5258563	5.1197719835	5.1399130035	2.205307025	40264	3328	6014	6670	23415	837	15828	9399	11420	3617	4725	7034	2931	2547	501	629	1268	1158		2026		
Harvard Heights	18422	17909	6058	6058	18422	5613	3920	23686.076577	0.7777564993	0.7777564993	3.1906288972	18422	643	2068	3738	11726	247	6420	4532	5697	1773	939	4674	1169	1117	225	323	510	576		1226		
Harvard Park	11462	11455	3307	3307	11462	3100	2370	17810.365841	0.643557808	0.6437400482	3.6951612903	11462	81	3782	24	7388	187	4739	2407	3314	1002	1523	1577	677	491	121	167	437	477		590		
Hasley Canyon	992	992	355	355	992	335	265	456.63740855	2.1724019571	2.1728571715	2.9611940299	992	703	11	18	227	33	338	118	431	105	308	27	101	124	9	11	12	8		56		
Hawaiian Gardens	14254	14238	3703	3703	14254	3562	2870	15069.54547	0.9458812164	0.956320647	3.9971925884	14254	1044	482	1540	11010	178	6335	3128	3665	1126	1577	1985	1087	732	132	205	354	360	515	534	20	3562
Hawthorne	86709	86170	30471	30471	86709	29061	20056	35179.884894	6.1945688551	6.205746127	3.570960136	86709	8753	22713	6756	46361	2126	33649	21301	25382	6377	7917	21144	6162	5003	1200	1218	3675	2798	2356	7178	191	28486
Hermosa Beach	19506	19491	10162	10162	19506	9550	4039	13673.553183	1.4265494666	1.4265494666	2.0409424084	19506	15780	216	1140	1632	738	4335	6622	6792	1757	4255	5295	1380	1874	178	147	238	222	80	3644	64	9550
Hidden Hills	1856	1856	626	626	1856	593	517	1099.1378255	1.6885962406	1.6885962406	3.1298482293	1856	1622	36	40	123	35	656	112	793	295	552	41	223	230	9	15	24	16	29	61	6	593
Highland Park	54813	54261	17506	17506	54813	16547	11904	16217.796569	3.3798056207	3.3932091577	3.2792046897	54813	6126	922	5472	41402	891	20510	13543	16000	4760	6307	10240	3838	3310	676	815	1671	1594		3229		
Historic South-Central	49021	47913	11559	11559	49021	10860	9045	19210.772258	2.5517454135	2.5517454135	4.411878453	49021	573	4022	295	43791	340	22561	12302	11817	2341	2317	8543	3548	1655	648	615	1554	1025		1229		
Hollywood	71069	68637	38693	38693	71069	35127	11737	20124.973437	3.5313835431	3.5326673328	1.9539670339	71069	32123	3802	5453	27642	2049	18891	24931	20615	6632	2892	32235	2908	4205	515	1084	1416	1609		17112		
Hollywood Hills	22352	22259	14051	14051	22352	12477	3853	3255.243971	6.8664592268	6.996935507	1.7840025647	22352	16798	971	1458	2240	885	3837	7784	8280	2451	5207	7270	999	1921	122	213	276	322		6117		
Hollywood Hills West	15446	15437	8635	8635	15446	7926	3108	3175.1012294	4.8647267864	4.8658885678	1.9476406763	15446	12782	398	745	1038	483	2701	4227	6350	2168	5126	2800	907	1558	111	141	181	210		3245		
Huntington Park	58114	57859	15151	15151	58114	14597	12296	19290.709216	3.012538282	3.0157707294	3.9637596766	58114	935	211	335	56445	188	25423	13679	15149	3863	3936	10661	4619	2842	816	807	1813	1399	2106	1644	81	14597
Hyde Park	36626	36293	13722	13722	36626	12779	8437	12724.598294	2.8783619847	2.8785928738	2.8400500822	36626	630	21969	291	12685	1051	13211	6902	12049	4464	5592	7187	1768	2044	404	560	1703	1958		3736		
Industry	219	214	73	73	219	69	53	18.583454368	12.020074224	12.362117894	3.1014492754	219	83	1	18	115	2	84	33	80	22	22	47	23	14	3	6	1	6	5	12	2	69
Inglewood	109673	108171	38429	38429	109673	36389	25019	12094.71579	9.0678443298	9.0923637484	2.9726290912	109673	3165	47029	1697	55449	2333	41146	23719	34552	10256	13447	22942	6944	6151	1345	1592	4480	4507	3341	9346	234	36389
Irwindale	1422	1372	390	390	1422	374	309	161.11784167	8.8258381892	9.6128082447	3.6684491979	1422	87	5	29	1288	13	527	304	440	151	261	113	101	88	14	18	34	54	61	48	1	374
Jefferson Park	24184	23560	8567	8567	24184	7912	5155	16932.931916	1.4282228335	1.4282228335	2.9777553084	24184	1042	8032	783	13685	642	8806	5496	7178	2704	2254	5658	1423	1169	293	335	968	967		2242		
Koreatown	105358	104613	46125	46125	105358	42388	23396	38876.596137	2.7100623632	2.7100623632	2.4679862225	105358	7813	4755	41341	49713	1736	32592	32168	32030	8568	2992	39396	6811	7324	1248	2156	2689	3168		14342		
La Ca√±ada Flintridge	20246	20219	7089	7089	20246	6849	5768	2346.4841197	8.6282280072	8.6453643801	2.9521097971	20246	13094	101	5185	1267	599	6678	1811	8570	3187	6120	729	2393	2636	102	112	243	282	265	924	36	6849
La Crescenta-Montrose	19653	19652	7350	7350	19653	7088	5272	5736.3638936	3.4260378813	3.4371564656	2.7725733634	19653	11376	130	5348	2232	567	6247	3102	7876	2428	4568	2520	2069	2121	113	185	362	422	318	1533	42	7088
La Habra Heights	6033	6003	2110	2110	6033	2028	1681	5250.0253741	6.3199644168	6.3227439664	3.0345515074	6033	3445	53	876	1506	153	1711	682	2474	1166	1897	131	498	957	30	61	25	110	114	273	14	1805
La Mirada	48527	45670	15092	15092	48527	14681	11504	6189.375418	7.8403710751	7.8577147848	3.1108235134	48527	18418	1010	8644	19272	1183	17338	8296	15516	7377	11608	3073	3663	5308	300	502	554	1177	1329	2536	93	14681
La Puente	39816	39773	9761	9761	39816	9451	8121	11445.411407	3.4787740329	3.4794481673	4.208337742	39816	1835	451	3301	33896	333	16063	8661	11426	3666	5693	3758	2817	2550	374	556	771	1053	1817	989	65	9451
La Verne	32352	31670	12106	12106	32352	11674	8561	9686.1967088	8.6448508642	8.7766985793	2.9024828669	32352	17885	1010	2442	10104	911	10157	4950	11840	5405	8745	2929	2503	4068	216	292	615	867	572	2569	74	11261
Ladera Heights	6498	6486	2867	2867	6498	2751	1815	2191.186922	2.9655160564	2.9656230067	2.3576881134	6498	863	4704	229	355	347	1523	869	2578	1528	2027	724	407	833	37	76	140	322	134	778	20	2751
Lake Balboa	26160	26130	9240	9240	26160	8792	6174	8382.5661651	3.1207627217	3.1207627217	2.9720200182	26160	10650	1079	2485	11132	814	8389	5823	9173	2775	5709	3083	2073	2213	236	379	550	723		1869		
Lake Hughes	584	561	359	359	584	266	136	78.627398877	7.4274363433	7.490503817	2.1090225564	584	445	16	5	99	19	142	100	272	70	152	114	23	77	7	6	14	9		97		
Lake Los Angeles	12328	12299	3658	3658	12328	3267	2665	1265.5656966	9.7410984144	9.7896221913	3.7646158555	12328	3937	1310	124	6604	353	5479	2042	3870	937	2374	893	946	847	172	152	281	267	438	445	20	3267
Lake View Terrace	12014	11552	3180	3180	12014	3042	2430	2901.6775349	4.1403635847	4.1420091522	3.7975016437	12014	2315	1570	920	6964	245	4444	2442	3966	1162	2314	728	826	868	99	144	187	306		451		
Lakewood	80163	80054	27500	27500	80163	26573	20410	14736.054836	9.433163783	9.497252883	3.4225062477	80163	32831	6664	13508	24141	3019	27113	15858	28096	9096	19161	7412	6871	7860	706	994	1639	2340	2107	4721	283	26543
Lancaster	158630	150324	52871	52871	158630	47960	35414	1924.4903628	101.8676407	102.15605632	2.585946931	158630	55000	30979	6826	59924	5901	66248	32324	46747	13311	28742	19218	11673	10773	1837	1589	5825	3717	4008	9748	376	46992
Larchmont	7822	7813	3662	3662	7822	3352	1743	16079.055312	0.4864713659	0.4864713659	2.3308472554	7822	2375	222	2420	2603	202	1965	2356	2646	855	1026	2326	513	657	70	106	144	253		1194		
Lawndale	32769	32594	10151	10151	32769	9681	7161	16598.954357	1.974160498	1.974160498	3.3668009503	32769	5311	3054	3485	20002	917	12671	7967	9875	2256	3326	6355	2619	1848	378	503	887	926	1033	1758	64	9681
Leimert Park	11884	11825	5528	5528	11884	5201	2793	10103.192837	1.1762618205	1.1762618205	2.2736012305	11884	278	8526	389	2288	403	3308	2150	4410	2016	2433	2768	477	808	134	172	478	724		2103		
Lennox	22753	22741	5487	5487	22753	5250	4523	20809.423023	1.0933988883	1.0933988883	4.3316190476	22753	435	682	343	21162	131	10318	5320	5897	1218	1569	3681	1883	983	287	321	585	464	874	510	29	5250
Leona Valley	1572	1572	660	660	1572	575	432	105.36034607	14.920224341	14.93361977	2.7339130435	1572	1297	8	23	198	46	470	163	693	246	502	73	134	248	12	11	7	20		111		
Lincoln Heights	28452	28095	8492	8492	28452	7925	6145	11417.813284	2.4918957153	2.5602709356	3.5451104101	28452	996	214	7473	19556	213	10938	6420	8112	2982	1887	6038	2011	1672	307	499	800	856		1295		
Littlerock	1377	1375	461	461	1377	417	319	747.60462547	1.8418826651	1.8433355676	3.2973621103	1377	489	68	27	745	48	579	242	447	109	269	148	123	101	15	19	34	27	33	77	4	417
Lomita	20256	20089	8412	8412	20256	8068	5050	10601.266897	1.9107150303	1.9107150303	2.4899603371	20256	8797	964	2962	6652	881	6121	4131	7472	2532	3738	4330	1467	1942	218	263	558	602	359	2420	55	8068
Long Beach	463667	455385	176576	176576	463667	164065	99621	18784.106182	50.440387755	51.584674137	2.7035979354	463667	136636	59965	63284	188694	15088	169718	107353	143566	43030	68415	95650	31097	31073	4979	5644	14877	11951	10742	46641	3277	163531
Lopez/Kagel Canyons	1378	1361	533	533	1378	506	330	384.63167474	3.5826482594	3.5829783767	2.6897233202	1378	559	46	102	640	31	413	251	552	162	402	104	109	129	14	24	26	28		136		
Los Feliz	32639	32578	18214	18214	32639	17066	6352	12496.999854	2.6117468498	2.6206569297	1.9089417555	32639	21111	924	4208	5227	1169	5977	11545	10788	4329	4167	12899	1615	2974	170	372	424	797		7872		
Lynwood	69772	67120	15277	15277	69772	14680	13138	14415.652938	4.8762110095	4.9231004159	4.5722070845	69772	1539	6752	560	60452	469	31682	16383	17937	3770	6829	7851	5319	2984	806	763	1891	1375	2865	1064	105	14680
Malibu	12645	12504	6864	6864	12645	5267	3196	639.13424806	19.784575836	19.828055188	2.3740269603	12645	11046	137	338	769	355	3426	1442	5455	2322	3716	1551	980	1591	112	110	207	196	98	1498	49	5267
Manchester Square	11781	11697	4450	4450	11781	4174	2868	11664.89101	1.0099537141	1.0099537141	2.8023478678	11781	103	8639	75	2685	279	4252	2054	3900	1575	2176	1998	515	672	126	200	583	772		1087		
Manhattan Beach	35135	35107	14929	14929	35135	14038	8913	8923.7790407	3.9372332999	3.9412333185	2.5008548226	35135	27873	282	3036	2440	1504	10465	6535	13678	4457	9420	4618	3916	3667	229	209	462	430	211	3627	85	14038
Mar Vista	34975	34740	15958	15958	34975	15239	8238	12089.070304	2.8931091573	2.9024891235	2.2796771442	34975	17922	1167	5067	9425	1394	9092	10127	11428	4328	5934	9305	2704	3493	260	422	634	725		5024		
Marina del Rey	8866	8860	6742	6742	8866	5600	1658	10313.940611	0.8596132492	1.4547387864	1.5821428571	8866	6624	453	746	686	357	1052	3377	3246	1191	644	4956	274	1043	47	79	91	124	18	3037	45	5600
Mayflower Village	5515	5511	1975	1975	5515	1905	1425	8030.1510876	0.6867865797	0.6867865797	2.8929133858	5515	2047	76	1715	1521	156	1632	1024	2101	758	1559	346	476	602	23	75	79	170	138	385	9	1905
Maywood	27395	27276	6766	6766	27395	6559	5692	23247.45525	1.1880661223	1.1880661223	4.1585607562	27395	498	49	75	26696	77	12327	6656	6770	1642	1980	4579	2438	1283	363	354	778	476	966	599	32	6559
Mid-City	51603	50597	18974	18974	51603	17606	11121	14882.735937	3.4673060261	3.47832461	2.8738498239	51603	6538	14517	2433	26420	1695	17508	12987	16094	5014	5856	11750	3243	2980	548	744	1668	1938		4743		
Mid-Wilshire	43664	43246	22840	22840	43664	21250	8857	15709.02451	2.7795487856	2.7808229227	2.0351058824	43664	16883	6675	10769	7670	1667	10760	14951	13287	4666	4034	17216	2533	3387	300	510	886	1241		8996		
Mission Hills	19284	19051	5598	5598	19284	5374	4139	6035.7454193	3.1949657682	3.2029735273	3.5450316338	19284	3503	606	1712	13121	342	6842	3852	5899	2691	3902	1472	1345	1474	173	269	341	537		940		
Monrovia	36590	36434	14473	14473	36590	13762	9146	2689.4575775	13.604973845	13.713885161	2.6474349658	36590	15023	2346	4066	14043	1112	11598	7912	12839	4241	6809	6953	2907	3388	324	454	950	1123	752	3649	131	13762
Montebello	62500	62100	19768	19768	62500	19012	14770	7500.7007251	8.3325548226	8.3727677503	3.2663580896	62500	5325	380	6683	49578	534	22556	13347	18077	8520	8766	10246	4313	4775	666	985	1811	2220	2156	3350	134	19012
Montecito Heights	16368	16294	6080	6080	16368	5750	3665	6936.7447498	2.3596082298	2.4000755988	2.8337391304	16368	2488	610	2929	10002	339	5023	4173	5240	1932	3326	2424	1058	1340	147	228	346	546		1480		
Monterey Park	60269	60039	20850	20850	60269	19963	15241	7855.7766517	7.6719340012	7.733074439	3.0075139007	60269	2998	194	39993	16218	866	16112	11345	21156	11656	11058	8905	4010	6528	336	1124	986	2257	1888	3641	85	19963
Mount Washington	12685	12581	4855	4855	12685	4616	2867	6771.4246807	1.8733133126	1.8733133126	2.7255199307	12685	4113	349	1545	6272	406	3469	2895	4713	1608	3155	1461	827	1173	127	174	249	317		1156		
North El Monte	3723	3669	1304	1304	3723	1254	966	8794.7228372	0.4233220386	0.4233220386	2.9258373206	3723	1193	27	1435	1002	66	1043	697	1374	609	945	309	317	430	14	42	47	116	92	218	5	1254
North Hills	56375	55843	16208	16208	56375	15444	12266	10769.207482	5.2348327483	5.250181468	3.6158378658	56375	10595	2246	7963	34527	1044	22270	12980	16374	4751	7965	7479	4518	3550	696	746	1471	1285		2122		
North Hollywood	76749	76354	30574	30574	76749	28499	15718	13074.635316	5.8700681239	5.8722967056	2.6791817257	76749	22761	4175	4376	43443	1994	26200	22547	22438	5564	6493	22006	4883	4628	900	1084	2223	2000		8518		
North Whittier	4377	4377	1475	1475	4377	1428	1111	791.61662032	5.529191641	5.5348318216	3.0651260504	4377	781	56	443	3035	62	1291	856	1585	645	1251	177	289	538	34	50	58	142		273		
Northeast Antelope Valley	4747	4720	2126	2126	4747	1677	1092	10.716582314	442.95838552	444.04258437	2.8145497913	4747	2291	255	82	1938	181	1553	728	1683	783	1117	560	295	499	39	83	85	91		469		
Northridge	62354	59078	22437	22437	62354	21079	13825	6595.9438564	9.4533854983	9.4789203657	2.802694625	62354	25249	3688	10717	20627	2073	23166	12398	18755	8035	10654	10425	4406	5436	426	772	1189	1596		4912		
Northwest Antelope Valley	3877	3871	1611	1611	3877	1368	1025	18.257827063	212.34728462	213.07922353	2.8296783626	3877	2627	109	94	919	128	1220	489	1676	492	1158	210	316	544	37	41	43	44		261		
Northwest Palmdale	3446	3441	1236	1236	3446	1136	912	595.47914879	5.7869364646	5.7869364646	3.0290492958	3446	2251	108	148	836	103	1106	368	1408	564	956	180	278	486	27	29	39	53		184		
Norwalk	105549	103934	28083	28083	105549	27130	22583	10873.495741	9.7069978703	9.7463084771	3.8309620346	105549	13007	4135	12753	74041	1613	41190	22841	31087	10431	17671	9459	7859	7331	980	1368	2112	2933	4467	3417	178	27130
Pacific Palisades	24510	24465	10606	10606	24510	9929	6861	1072.0690507	22.862333339	23.20922761	2.46399436	24510	21229	166	1315	1089	711	6911	2569	10084	4946	8008	1921	2627	3183	165	122	404	360		2551		
Pacoima	78610	78240	17729	17729	78610	16666	14370	10997.241368	7.1481562849	7.1524941428	4.6945877835	78610	2061	3056	1596	71341	556	34799	18048	20148	5615	8841	7825	5388	3603	852	916	1826	1785		1626		
Palmdale	153394	153195	46756	46756	153394	43133	35482	1465.2035326	133.20175653	133.75487879	3.5548366852	153394	37430	21662	6434	83631	4237	67931	29152	46187	10124	29182	13951	13836	10429	1875	1468	4824	3050	4847	5858	316	42952
Palms	42644	42025	21948	21948	42644	20665	8287	22036.267661	1.9351734448	1.9385112981	2.0336317445	42644	16543	3774	10304	10040	1983	10750	17199	11688	3007	2662	18003	2432	3232	269	579	775	1000		8436		
Palos Verdes Estates	13438	13421	5283	5283	13438	5066	4083	2815.0142205	4.7736881406	4.7741360192	2.6492301619	13438	9868	156	2314	631	469	3701	932	5557	3248	4496	570	1428	2221	59	79	130	166	119	848	26	5066
Panorama City	68435	68041	18743	18743	68435	17770	14221	18861.904811	3.6282125631	3.6481736595	3.8289814294	68435	6481	1798	9365	49783	1008	28456	16414	18684	4881	6188	11582	5382	3395	916	954	2021	1553		2465		
Paramount	54098	53788	14571	14571	54098	13881	11351	11438.427071	4.7294964301	4.8400648961	3.8749369642	54098	3015	5980	1927	42547	629	23990	12471	14221	3416	6024	7857	4368	2551	679	649	1736	1368	1963	1904	105	13881
Pasadena	138328	134827	60002	60002	138328	55700	31218	6688.7929232	24.647001067	24.8076188	2.6018978713	138328	53991	13982	19523	46309	4523	39428	35644	44444	18812	25262	30438	9344	13236	915	1563	2593	3567	2465	18903	704	55270
Pico Rivera	62942	62488	17109	17109	62942	16566	13647	7587.4714605	8.2955171993	8.8816268647	3.7720632621	62942	3281	366	1478	57400	417	23763	12800	18748	7631	11440	5126	4286	4557	570	900	1259	2075	2890	2276	91	16566
Pico-Robertson	18587	18454	9691	9691	18587	8769	3909	18161.020424	1.0234557071	1.0234557071	2.1044588893	18587	14071	905	1257	1390	964	4731	5618	5525	2713	2012	6757	1300	1612	89	234	227	447		3538		
Pico-Union	40070	39389	13106	13106	40070	12117	8439	24383.382111	1.6433323243	1.6433323243	3.2507221259	40070	1091	1119	4008	33552	300	15271	10031	11417	3351	1187	10930	2572	2012	594	726	1303	1232		2680		
Playa Vista	8212	8212	4450	4450	8212	4175	1839	12294.005506	1.2610853795	1.2999492662	2.2149023881	8212	3746	759	1874	1412	421	2010	3326	2108	768	1798	2377	512	880	57	78	144	168		1681		
Playa del Rey	10717	10717	6153	6153	10717	5796	2316	4062.7461955	2.6378709091	4.0437793534	1.8490338164	10717	7578	529	1041	1091	478	1782	3422	4121	1392	2660	3136	531	1336	47	97	105	200		2517		
Pomona	151096	145559	40916	40916	151096	38689	30416	7957.7995738	24.344245224	24.359010544	3.3902784241	151096	19471	10229	12879	105788	2729	65617	32380	41655	11444	21368	17321	11190	8892	1531	1797	3645	3361	5327	5855	299	38477
Porter Ranch	25546	25485	8791	8791	25546	8594	7220	4567.2938887	5.593246378	5.6022610916	2.9654410054	25546	13863	645	7161	3053	824	7349	3528	10289	4380	7738	856	2458	3705	100	250	219	488		1081		
Quartz Hill	10912	10892	4018	4018	10912	3712	2831	2900.839898	3.761669166	3.7625865448	2.9342672414	10912	6798	751	312	2689	362	4060	1814	3931	1107	2584	1128	838	1134	154	132	340	233	238	692	22	3712
Rancho Dominguez	2597	2560	1033	1033	2597	998	676	985.78073637	2.6344600824	2.6905630451	2.5651302605	2597	703	990	138	675	91	710	409	1020	458	915	83	120	275	16	41	79	145		257		
Rancho Palos Verdes	41643	41303	16179	16179	41643	15561	12143	3092.7006495	13.464930726	13.465388643	2.6542638648	41643	23323	988	12037	3556	1739	11600	4082	16307	9654	12485	3076	4241	6224	176	284	489	729	540	2936	85	15561
Rancho Park	4451	4416	1911	1911	4451	1824	1070	7282.329345	0.6112055345	0.6112055345	2.4210526316	4451	2505	106	948	682	210	1263	1017	1540	631	1073	751	405	430	32	43	64	96		524		
Redondo Beach	66748	66317	30609	30609	66748	29011	16229	10768.698549	6.1983348958	6.2084882247	2.2859260281	66748	43531	1772	8035	10142	3268	17085	17204	25477	6982	14917	14094	5614	6893	508	699	1200	1315	722	9252	179	29011
Reseda	68318	67294	21938	21938	68318	20719	14784	11691.317123	5.8434819003	5.8737480637	3.2479366765	68318	19291	2496	8620	36000	1911	23757	15317	21854	7390	10511	10208	5159	4736	662	895	1461	1871		4348		
Ridge Route	1719	1628	612	612	1719	545	420	5.95798469	288.52037886	295.4172556	2.9871559633	1719	1197	47	94	327	54	567	265	738	149	470	75	162	183	14	12	19	30		85		
Rolling Hills	3182	3182	1226	1226	3182	1147	929	3145.347741	3.5144602987	3.5144602987	2.7684174115	3182	2271	56	517	235	103	891	192	1242	857	1083	64	313	542	8	19	15	32	23	183	9	663
Rolling Hills Estates	8750	8750	3489	3489	8750	3323	2542	6446.0686985	3.7324779111	3.779788555	2.3142816095	8750	5485	123	2221	573	348	2446	832	3503	1969	2949	374	909	1316	32	67	92	126	99	680	23	2965
Rosemead	53764	53351	14805	14805	53764	14247	11903	10414.861512	5.1622385895	5.1759317032	3.7447181863	53764	2549	176	32453	18147	439	17456	10976	18368	6964	6972	7275	3759	4269	348	1025	929	1573	2159	1739	74	14247
Rowland Heights	48993	48831	15152	15152	48993	14520	12314	3746.8099239	13.075923518	13.081551343	3.3630165289	48993	5045	683	29195	13229	841	14814	9536	18201	6442	9811	4709	3660	5477	254	843	690	1390	1722	1585	69	14520
San Dimas	33999	33452	12731	12731	33999	12242	8851	3108.8540503	15.743353637	16.134286336	2.8291696074	33999	17776	1031	3489	10693	1010	10450	5372	12864	5313	8957	3285	2601	4150	275	348	584	893	685	2699	91	12030
San Fernando	23645	23531	6291	6291	23645	5967	4972	9959.8900286	2.3740221962	2.3740221962	3.9435227082	23645	1259	146	211	21867	162	9600	5497	6555	1993	3252	2715	1857	1425	257	335	549	549	902	731	34	5967
San Gabriel	39718	39266	13237	13237	39718	12542	9594	9583.0900402	4.1445921757	4.1452678545	3.1307606442	39718	4539	337	24020	10189	633	11421	8241	14482	5574	6168	6374	2975	3693	241	724	659	1302	1136	2121	76	12542
San Marino	13147	13066	4477	4477	13147	4330	3730	3489.7950306	3.7672699642	3.7741414246	3.017551963	13147	4872	53	7012	855	355	4134	1376	5328	2309	3959	371	1519	1701	46	97	150	217	241	531	22	4330
San Pasqual	2076	2076	979	979	2076	925	545	7964.9557861	0.2606417481	0.2606417481	2.2443243243	2076	1134	58	440	368	76	493	487	806	290	546	379	178	254	7	29	29	48		306		
San Pedro	80777	78187	33165	33165	80777	30656	19361	16567.122895	11.728353568	16.593551013	2.6751333331	80777	31466	4871	4415	37337	2688	26097	16614	27553	10513	13482	17174	5479	7061	901	1023	2496	2401		9126		
Santa Clarita	190564	189154	66961	66961	190564	63930	47731	7385.5839184	56.24137023	56.306620726	3.0798783399	190564	103218	6506	17155	57712	5973	69797	37973	65446	17348	43952	19978	19090	17355	1846	1791	4047	3602	3049	12289	484	59507
Santa Fe Springs	16223	16030	4976	4976	16223	4747	3687	1828.0550417	8.8744592639	8.9143107999	3.3768696019	16223	1927	305	644	13137	210	6056	3148	4859	2160	2894	1853	1096	1258	162	206	392	573	658	894	26	4747
Santa Monica	89736	87610	50912	50912	89736	46917	17929	10664.072975	8.4147961303	8.4159640894	1.8673401965	89736	62917	3364	8076	11716	3663	19022	25223	32075	13416	13315	33602	5184	7908	526	801	1700	1810	583	22716	416	46917
Sawtelle	35810	35508	19462	19462	35810	17862	6562	13316.871692	2.689069988	2.6905672922	1.9879072892	35810	17766	1024	7855	7546	1619	8184	13923	9826	3877	4060	13802	1667	2862	168	547	399	919		7582		
Sepulveda Basin	228	224	94	94	228	90	57	75.02140544	3.0391326137	3.1496806163	2.4888888889	228	150	1	30	40	7	59	54	75	40	76	14	21	19	2	3	4	8		21		
Shadow Hills	14144	13628	5148	5148	14144	4883	3526	1084.3058716	13.04428978	13.062777511	2.7909072292	14144	9226	259	1191	3045	423	3944	2442	5466	2292	3898	985	1050	1689	90	178	177	342		989		
Sherman Oaks	65284	65100	33355	33355	65284	31328	15224	7148.7779665	9.1321901878	9.1714220298	2.0780132789	65284	46954	3343	4634	7936	2417	14952	18706	22896	8730	13535	17793	4696	6552	496	678	1343	1459		11841		
Sierra Madre	10917	10916	5113	5113	10917	4837	2872	3697.528773	2.9525125213	2.9569692987	2.2567707257	10917	7891	191	823	1628	384	2634	1712	4676	1895	2988	1849	880	1411	66	73	195	247	88	1596	54	4837
Signal Hill	11016	10970	4389	4389	11016	4157	2498	5032.9344523	2.188782728	2.1904989521	2.6389222997	11016	3340	1427	2323	3472	454	3658	2556	3890	912	2141	2016	779	801	119	139	380	280	230	1128	156	4157
Silver Lake	29346	28895	14629	14629	29346	13762	5538	11342.503623	2.5872594777	2.7259458345	2.0996221479	29346	13457	825	4796	9295	973	6052	9867	10067	3360	4918	8844	1524	2278	220	369	495	652		5517		
South Diamond Bar	0	0	0	0	0	0	0	0	5.4620013683	5.4620013683		0	0	0	0	0	0	0	0	0	0	0	0	0	0	0	0	0	0		0		
South El Monte	20254	20197	4754	4754	20254	4611	4036	38065.921357	2.847705472	2.8531522154	3.837976425	20254	683	33	2192	17214	132	8426	4578	5448	1802	2215	2396	1400	1175	211	320	405	525	882	406	21	4569
South Gate	94396	94308	24160	24160	94396	23278	20150	13044.968469	7.2361999361	7.3530846475	4.0513789844	94396	3233	585	716	89442	420	40672	21490	25611	6623	10658	12620	7806	5377	1155	1106	2501	2205	3782	2292	134	23278
South Park	33080	32769	7830	7830	33080	7273	6040	23561.481327	1.4039864277	1.4041906758	4.5055685412	33080	233	4396	102	28121	228	15725	8132	7686	1537	2022	5251	2271	986	507	423	1101	752		906		
South Pasadena	25619	25456	11118	11118	25619	10467	6619	7523.0167681	3.405415778	3.4175100425	2.4320244578	25619	11179	736	7910	4767	1027	7574	5200	9741	3104	4787	5680	2534	2370	230	221	694	570	274	3073	107	10467
South San Gabriel	8070	7834	2353	2353	8070	2249	1853	9687.6731039	0.8330173731	0.833281853	3.4833259226	8070	451	74	3975	3444	126	2385	1593	2740	1352	1597	652	499	750	53	158	112	281	316	308	15	2249
South San Jose Hills	20551	20524	4239	4239	20551	4112	3700	13628.768877	1.5079131641	1.5079131641	4.9912451362	20551	853	231	1624	17713	130	8846	4385	5680	1640	3131	981	1370	1195	158	247	284	446	1014	285	22	4112
South Whittier	57156	56859	15600	15600	57156	15067	12454	10708.924748	5.33723052	5.345797355	3.7737439437	57156	9526	601	2227	44094	708	22911	12264	16996	4985	9563	5504	4469	4031	596	680	1224	1454	2112	1943	110	15067
Southeast Antelope Valley	6932	6804	2909	2909	6932	2488	1789	35.566940448	194.90009297	195.83690697	2.7347266881	6932	4104	396	316	1924	192	2091	1048	2772	1021	1984	504	509	927	66	83	86	118		554		
Stevenson Ranch	11658	11658	3950	3950	11658	3822	3033	6430.800309	1.812838129	1.812838129	3.0502354788	11658	6233	366	2785	1846	428	4452	1944	4411	851	2898	924	1624	881	88	75	215	150		612		
Studio City	36564	36271	19691	19691	36564	18306	7836	5895.1195941	6.2024186985	6.2868206339	1.9813722277	36564	27458	1605	2537	3625	1339	7951	10698	13406	4509	8182	10124	2496	3417	263	318	704	638		7492		
Sun Valley	77703	76728	20363	20363	77703	19307	15617	8516.0860453	9.1242619657	9.3601522478	3.9741026571	77703	12124	1543	6762	56120	1154	30463	17697	22932	6611	10043	9264	5562	4857	746	1083	1599	1770		2549		
Sun Village	11534	11534	3334	3334	11534	2997	2424	1215.312283	9.4905648211	9.491040499	3.8485151818	11534	3178	739	108	7282	227	4903	1955	3687	989	2236	761	904	881	121	129	188	201		406		
Sunland	15791	15508	6034	6034	15791	5750	3912	4009.553922	3.9383433437	3.9518719778	2.6970434783	15791	9543	196	1417	4141	494	4401	3025	6245	2120	3908	1842	1187	1744	116	211	235	419		1444		
Sylmar	78713	77560	21330	21330	78713	20054	16610	6338.1722365	12.418879933	12.434713211	3.8675575945	78713	9964	2453	3852	61334	1110	31645	17596	22881	6591	13490	6564	6244	5106	855	931	1715	1759		2444		
Tarzana	36405	36100	14972	14972	36405	14108	9294	4203.1163436	8.6614304777	8.6624046135	2.5588318684	36405	24834	1432	2500	5965	1674	10470	6978	13030	5927	8410	5698	2961	4009	282	446	719	877		3800		
Temple City	35558	35136	12117	12117	35558	11606	9005	8877.1781454	4.0055521493	4.0055521493	3.0273996209	35558	8095	256	19707	6853	647	10436	6271	13490	5361	7453	4153	3065	3540	201	485	622	1092	1073	1973	65	11606
Toluca Lake	8578	8578	4720	4720	8578	4386	1800	7202.0887867	1.1910433562	1.2117592823	1.9557683539	8578	6134	423	564	1141	316	1686	2550	3271	1071	1717	2669	497	849	61	103	122	168		1808		
Topanga	8289	8289	3750	3750	8289	3442	2174	432.97340701	19.144362831	19.417208111	2.4081929111	8289	7002	112	344	534	297	2015	1240	3865	1169	2589	853	725	1047	78	62	136	126		903		
Torrance	145438	144292	58377	58377	145438	56001	38412	7102.1635377	20.477985226	20.553276695	2.5765968465	145438	61591	3740	50180	23440	6487	42706	26924	54082	21726	31621	24380	13735	16019	900	1610	2621	3527	2306	14472	309	56001
Tujunga	27873	27677	10630	10630	27873	10095	7094	2823.8753519	9.8704781644	9.8705638791	2.7416542843	27873	16645	413	2590	7169	1056	8029	5595	10860	3389	5722	4373	2082	3140	219	413	540	700		2378		
Tujunga Canyons	2134	1859	852	852	2134	674	457	9.2293495832	231.21889368	231.52921365	2.7581602374	2134	1295	110	59	602	68	610	346	939	239	516	158	156	233	19	15	18	16		165		
Unincorporated Catalina Island	357	346	212	212	357	154	59	4.9680704288	71.858884674	218.3061547	2.2467532468	357	272	2	8	71	4	106	119	125	7	7	147	17	35	4	2	1	0		50		
Unincorporated Santa Monica Mountains	9351	6901	2858	2858	9351	2615	1832	104.45489376	89.521894696	89.656965206	2.6390057361	9351	7315	273	510	924	329	4189	893	3381	888	2214	401	687	885	46	44	73	97		559		
Unincorporated Santa Susana Mountains	10497	10495	3675	3675	10497	3540	2662	133.54215366	78.604393534	78.955714467	2.9646892655	10497	5659	364	2142	1879	453	4023	2025	3934	515	2179	1361	1292	875	100	61	194	140		593		
Universal City	0	0	0	0	0	0	0	0	0.4659121973	0.4802767426		0	0	0	0	0	0	0	0	0	0	0	0	0	0	0	0	0	0		0		
University Park	23382	15668	6484	6484	23382	6069	1941	20072.461941	1.1648795284	1.1648795284	2.5816444225	23382	7176	1294	6105	7937	870	15865	3799	2483	1235	384	5685	463	584	124	165	278	327		2067		
Val Verde	2468	2466	715	715	2468	671	534	962.05930518	2.5653304185	2.5653304185	3.6751117735	2468	737	98	44	1507	82	994	554	796	124	521	150	226	178	17	26	31	56	73	90	1	671
Valinda	22822	22733	5071	5071	22822	4927	4393	11330.856785	2.0141460115	2.0141460115	4.6139638725	22822	1597	356	2662	17977	230	9323	4781	6730	1988	3755	1172	1627	1473	171	308	310	504	1104	375	31	4927
Valley Glen	58854	58496	21657	21657	58854	20539	13515	12385.873869	4.7517034828	4.7813202223	2.8480451823	58854	26713	1967	3399	25255	1520	19606	13594	19232	6422	7094	13445	4424	4503	587	901	1484	1616		5205		
Valley Village	24330	24021	12632	12632	24330	11694	5159	11733.381704	2.0735709972	2.0902544722	2.0541303232	24330	16233	1336	1371	4494	896	5919	6917	8556	2938	3528	8166	1530	2022	194	283	520	610		4779		
Van Nuys	104734	103272	36039	36039	104734	33731	22813	11619.338575	9.0137660869	9.0270449129	3.0616346981	104734	23713	5207	7193	66388	2233	39078	27019	30752	7885	8636	25095	7803	5845	1526	1636	3374	2629		7801		
Venice	36911	36326	21546	21546	36911	18976	6933	12081.081428	3.055272843	3.7649668647	1.9143128162	36911	25291	1784	2075	6320	1441	7001	12813	13187	3910	6574	12402	1831	3332	249	366	545	610		8523		
Vermont Knolls	21752	21603	6678	6678	21752	6121	4504	18968.642722	1.1467346567	1.1467346567	3.5293252736	21752	223	7609	97	13489	334	9818	4878	5508	1548	1576	4545	1268	732	318	317	1114	755		1307		
Vermont Square	49195	48667	14084	14084	49195	13037	9891	19436.935851	2.5310059352	2.5310059352	3.7329907187	49195	486	14347	425	33151	786	20574	10944	13815	3862	4652	8385	2822	2018	579	721	1963	1788		2491		
Vermont Vista	25082	24922	7323	7323	25082	6748	5212	15222.12532	1.6477331169	1.6477331169	3.6932424422	25082	258	8840	76	15498	410	11195	5477	6609	1801	2545	4203	1472	1009	322	309	1157	943		1228		
Vermont-Slauson	27590	27503	7913	7913	27590	7279	5603	19076.170092	1.4463070871	1.4463070871	3.7784036269	27590	237	7228	102	19699	324	12052	6029	7504	2005	2653	4626	1738	1138	360	366	1052	949		1337		
Vernon	112	112	29	29	112	28	22	22.521047277	4.9957551927	5.1902800322	4	112	58	4	2	48	0	32	28	38	14	4	24	7	6	1	5	0	3	5	5	0	28
Veterans Administration	702	160	65	65	702	60	44	770.33497766	0.911291867	0.911291867	2.6666666667	702	266	325	18	76	17	89	93	388	132	3	57	8	7	4	0	23	2		12		
View Park-Windsor Hills	11075	10999	4777	4777	11075	4535	2965	6015.1466621	1.8411853646	1.8419525496	2.4253583241	11075	463	9209	147	720	536	2845	1479	4393	2358	3275	1260	587	1117	83	193	309	676	322	1354	38	4535
Vincent	15922	15899	4016	4016	15922	3900	3389	10827.283733	1.4705442651	1.4705442651	4.0766666667	15922	2391	271	1106	11921	233	6359	3304	4840	1419	3085	815	1263	1104	126	235	245	416	697	364	22	3900
Walnut	29172	29138	8753	8753	29172	8533	7677	3244.0945145	8.9923397328	8.9960656188	3.4147427634	29172	3645	786	18473	5575	693	9180	4262	12166	3564	7536	997	2624	3674	98	296	322	663	1035	627	26	8533
Walnut Park	15966	15952	3744	3744	15966	3612	3161	21351.984803	0.7477524992	0.7477524992	4.4163898117	15966	268	27	76	15543	52	6591	3714	4373	1288	1924	1688	1137	923	143	210	365	383	719	317	23	3612
Watts	41977	41469	10274	10274	41977	9541	8009	38827.095841	2.1257700808	2.1257700808	4.7985423924	41977	365	11461	130	29583	438	21740	8712	9498	2027	2985	6556	2352	1034	440	430	2516	1237		1246		
West Adams	22942	22868	7387	7387	22942	6953	5072	15505.951704	1.4795609092	1.4795609092	3.2889400259	22942	590	6282	324	15284	462	9196	5359	6661	1726	2546	4407	1648	1109	293	341	844	837		1521		
West Carson	21699	20493	7426	7426	21699	7166	5062	9576.0251068	2.2659715026	2.2788341104	2.8597543958	21699	4637	2263	6917	7100	782	5882	4281	7633	3903	5459	1707	1379	2255	135	315	303	675	597	1687	46	7166
West Compton	5669	5654	1582	1582	5669	1537	1267	3421.7392293	1.6567597997	1.6567597997	3.6785946649	5669	73	2909	60	2526	101	2297	1039	1651	682	1114	423	331	292	63	76	190	315		210		
West Covina	107428	106754	33124	33124	107428	31992	25698	7398.7612511	17.736142407	17.784655373	3.3476053739	107428	16682	4288	27290	56939	2229	37860	21559	34940	13069	21067	10925	8389	9536	902	1432	2231	3208	3832	4837	202	31596
West Hills	39791	39244	13949	13949	39791	13596	10731	8233.6152035	8.4548326093	8.4762832878	2.7454869627	39791	25988	1128	5396	5747	1532	11827	5772	15593	6599	11647	1949	3810	4804	248	416	546	907		2160		
West Hollywood	34399	34290	24588	24588	34399	22511	4343	18225.550469	1.8874052698	1.8874052698	1.5232552974	34399	26793	1052	1856	3613	1085	3985	12860	12429	5125	4976	17535	663	2397	112	319	278	574	98	13434	1321	22511
West Los Angeles	13980	13962	6932	6932	13980	6552	3287	13283.617244	1.0524241811	1.0524241811	2.130952381	13980	9818	251	2200	955	756	3422	3893	4506	2159	3218	3334	1161	1438	57	154	192	285		2352		
West Puente Valley	22636	22549	4898	4898	22636	4788	4243	12851.768973	1.761313952	1.7621089364	4.7094820384	22636	1087	381	1639	19365	164	8972	4604	6578	2482	3887	901	1365	1565	141	262	300	610	1288	426	33	4788
West Whittier-Los Nietos	25540	25446	6923	6923	25540	6698	5601	10138.485245	2.5191139882	2.5191139882	3.7990444909	25540	2369	177	375	22369	250	9643	5469	7576	2852	4897	1801	1777	1907	241	357	491	828	1149	843	49	6698
Westchester	40456	37008	16688	16688	40456	15773	9121	3706.6770537	10.914357904	10.914658678	2.3462879604	40456	20552	5940	4752	7162	2050	14161	8212	13420	4663	8475	7298	2943	3754	285	405	777	957		4833		
Westlake	106188	104578	40150	40150	106188	36690	21820	39310.802351	2.7012422451	2.7144511866	2.8503134369	106188	5816	4337	21009	73551	1475	39609	30305	27406	8868	1728	34962	6605	5444	1527	2322	3281	2641		10747		
Westlake Village	8270	8142	3384	3384	8270	3262	2396	1594.9361019	5.1851607034	5.5046791723	2.4960147149	8270	6940	97	496	533	204	2216	803	3494	1757	2745	517	757	1228	53	66	124	168	72	712	14	3262
Westmont	31853	31693	10588	10588	31853	9695	7093	17239.871442	1.8476355875	1.8476355875	3.2690046416	31853	324	15955	129	14871	574	13619	6468	9088	2678	3012	6683	1619	1376	434	470	1812	1382	1159	2141	52	9695
Westwood	51459	40290	21908	21908	51459	19776	6837	13976.112404	3.6819251672	3.6819251672	2.0373179612	51459	30120	1045	13201	4506	2587	26517	9685	8991	6266	6921	12855	1846	3547	121	378	273	672		8128		
Whittier	85340	83705	29592	29592	85340	28274	20615	6104.6901558	14.681541768	14.698534897	5.980140063	85340	24126	780	3088	56089	1257	30888	17586	26865	10001	16208	12066	6807	7346	875	1021	2249	2317	2109	6096	247	28273
Whittier Narrows	0	0	0	0	0	0	0	0	2.5928741755	2.9313494889		0	0	0	0	0	0	0	0	0	0	0	0	0	0	0	0	0	0		0		
Willowbrook	35983	35577	9600	9600	35983	8721	7120	9564.5860819	3.762107392	3.7701688193	4.0794633643	35983	328	12172	133	22979	371	16290	7310	9485	2898	4525	4196	2151	1475	397	462	1297	1338	1465	1336	38	8721
Wilmington	52307	52124	14022	14022	52307	13385	11084	5674.9046737	9.2172473386	10.088064115	3.8942099365	52307	2290	1158	1179	47175	505	23224	11643	13734	3706	5368	8017	4255	2778	714	742	1428	1167		1738		
Windsor Square	5496	5489	2275	2275	5496	2118	1422	8030.9750736	0.684350275	0.684350275	2.5915958451	5496	2712	173	1992	502	117	1580	1001	2158	757	1148	970	591	567	24	37	98	105		527		
Winnetka	48708	48318	15638	15638	48708	14838	11228	10206.646113	4.7721846588	4.7980152804	3.2563687829	48708	13887	2085	8417	22948	1371	16730	10983	16026	4969	8797	6041	3890	3905	447	686	1077	1223		2544		
Woodland Hills	63654	63261	28497	28497	63654	26452	16660	4306.6408678	14.780429099	14.797016048	2.3915393921	63654	45018	2687	6407	6640	2902	16666	13064	23177	10747	16255	10197	5178	7563	511	756	1160	1492		7572		
